[
  { "model": "parking.vehicletype", "pk": 1, "fields": { "name": "Car", "slug": "car", "description": "Standard private car parking.", "icon": "car", "active": true, "created_at": "2026-03-26T00:00:00Z" } },
  { "model": "parking.vehicletype", "pk": 2, "fields": { "name": "Bicycle", "slug": "bicycle", "description": "Cycle parking for road-going bicycles.", "icon": "bike", "active": true, "created_at": "2026-03-26T00:00:00Z" } },
  { "model": "parking.vehicletype", "pk": 3, "fields": { "name": "Motorcycle", "slug": "motorcycle", "description": "Two-wheeler parking for motorcycles.", "icon": "bike", "active": true, "created_at": "2026-03-26T00:00:00Z" } },
  { "model": "parking.vehicletype", "pk": 4, "fields": { "name": "Scooter", "slug": "scooter", "description": "Compact parking for scooters and mopeds.", "icon": "scooter", "active": true, "created_at": "2026-03-26T00:00:00Z" } },
  { "model": "parking.vehicletype", "pk": 5, "fields": { "name": "EV Two-Wheeler", "slug": "ev-two-wheeler", "description": "Charging-aware parking for electric scooters and motorcycles.", "icon": "ev-bike", "active": true, "created_at": "2026-03-26T00:00:00Z" } },
  { "model": "parking.vehicletype", "pk": 6, "fields": { "name": "EV Car", "slug": "ev-car", "description": "Charging-aware parking for electric cars.", "icon": "ev", "active": true, "created_at": "2026-03-26T00:00:00Z" } },
  { "model": "parking.vehicletype", "pk": 7, "fields": { "name": "SUV", "slug": "suv", "description": "Larger bays for SUVs and crossovers.", "icon": "car", "active": true, "created_at": "2026-03-26T00:00:00Z" } },
  { "model": "parking.vehicletype", "pk": 8, "fields": { "name": "Van", "slug": "van", "description": "Parking for passenger and goods vans.", "icon": "van", "active": true, "created_at": "2026-03-26T00:00:00Z" } },
  { "model": "parking.vehicletype", "pk": 9, "fields": { "name": "Auto Rickshaw", "slug": "auto-rickshaw", "description": "Three-wheeler passenger vehicle parking.", "icon": "auto", "active": true, "created_at": "2026-03-26T00:00:00Z" } },
  { "model": "parking.vehicletype", "pk": 10, "fields": { "name": "E-Rickshaw", "slug": "e-rickshaw", "description": "Electric three-wheeler parking.", "icon": "ev", "active": true, "created_at": "2026-03-26T00:00:00Z" } },
  { "model": "parking.vehicletype", "pk": 11, "fields": { "name": "Pickup Truck", "slug": "pickup-truck", "description": "Light commercial pickup parking.", "icon": "truck", "active": true, "created_at": "2026-03-26T00:00:00Z" } },
  { "model": "parking.vehicletype", "pk": 12, "fields": { "name": "Mini Truck", "slug": "mini-truck", "description": "Small goods vehicle parking.", "icon": "truck", "active": true, "created_at": "2026-03-26T00:00:00Z" } },
  { "model": "parking.vehicletype", "pk": 13, "fields": { "name": "Truck", "slug": "truck", "description": "Heavy goods vehicle parking.", "icon": "truck", "active": true, "created_at": "2026-03-26T00:00:00Z" } },
  { "model": "parking.vehicletype", "pk": 14, "fields": { "name": "Bus", "slug": "bus", "description": "Bus and coach parking bays.", "icon": "bus", "active": true, "created_at": "2026-03-26T00:00:00Z" } },
  { "model": "parking.vehicletype", "pk": 15, "fields": { "name": "Tractor", "slug": "tractor", "description": "Agricultural and utility tractor parking.", "icon": "tractor", "active": true, "created_at": "2026-03-26T00:00:00Z" } },
  { "model": "parking.vehicletype", "pk": 16, "fields": { "name": "Emergency Vehicle", "slug": "emergency-vehicle", "description": "Ambulance and response vehicle parking.", "icon": "ambulance", "active": true, "created_at": "2026-03-26T00:00:00Z" } },

  {
    "model": "parking.parkinglot",
    "pk": 1,
    "fields": {
      "name": "Downtown Lot",
      "address": "Main Street, Downtown",
      "description": "Central city parking with fast access to offices and retail.",
      "opening_hours": "24/7",
      "capacity": 60,
      "security_rating": 4,
      "price_hint": "80.00",
      "distance_km": "0.30",
      "walking_time_minutes": 4,
      "is_ev_charging": true,
      "is_covered": true,
      "is_24x7": true,
      "recommended": true,
      "active": true,
      "created_at": "2026-03-26T00:00:00Z",
      "updated_at": "2026-03-26T00:00:00Z",
      "vehicle_types": [1, 2, 3, 4, 5, 6, 7, 8, 9, 10, 11, 12, 13, 14, 15, 16],
      "facilities": []
    }
  },
  {
    "model": "parking.parkinglot",
    "pk": 2,
    "fields": {
      "name": "Mall Parking",
      "address": "City Mall, Uptown",
      "description": "Covered shopping district parking with EV support.",
      "opening_hours": "24/7",
      "capacity": 60,
      "security_rating": 5,
      "price_hint": "60.00",
      "distance_km": "0.60",
      "walking_time_minutes": 6,
      "is_ev_charging": true,
      "is_covered": true,
      "is_24x7": true,
      "recommended": false,
      "active": true,
      "created_at": "2026-03-26T00:00:00Z",
      "updated_at": "2026-03-26T00:00:00Z",
      "vehicle_types": [1, 2, 3, 4, 5, 6, 7, 8, 9, 10, 11, 12, 13, 14, 15, 16],
      "facilities": []
    }
  },
  {
    "model": "parking.parkinglot",
    "pk": 3,
    "fields": {
      "name": "Airport Lot",
      "address": "Airport Terminal 1",
      "description": "High-capacity long-stay lot with large vehicle bays.",
      "opening_hours": "24/7",
      "capacity": 60,
      "security_rating": 5,
      "price_hint": "120.00",
      "distance_km": "1.20",
      "walking_time_minutes": 10,
      "is_ev_charging": false,
      "is_covered": false,
      "is_24x7": true,
      "recommended": false,
      "active": true,
      "created_at": "2026-03-26T00:00:00Z",
      "updated_at": "2026-03-26T00:00:00Z",
      "vehicle_types": [1, 2, 3, 4, 5, 6, 7, 8, 9, 10, 11, 12, 13, 14, 15, 16],
      "facilities": []
    }
  },

  { "model": "parking.parkingslot", "pk": 1, "fields": { "parking_lot": 1, "number": 1, "zone": "A", "floor": 1, "vehicle_types": [1, 2, 3, 4, 5, 6, 7, 8, 9, 10], "is_occupied": true, "reserved": true, "maintenance": false, "disabled": false, "ev_charger": false, "covered": true, "priority": 1, "created_at": "2026-03-26T00:00:00Z" } },
  { "model": "parking.parkingslot", "pk": 2, "fields": { "parking_lot": 1, "number": 2, "zone": "A", "floor": 1, "vehicle_types": [1, 2, 3, 4, 5, 6, 7, 8, 9, 10], "is_occupied": false, "reserved": false, "maintenance": false, "disabled": false, "ev_charger": false, "covered": true, "priority": 1, "created_at": "2026-03-26T00:00:00Z" } },
  { "model": "parking.parkingslot", "pk": 3, "fields": { "parking_lot": 1, "number": 3, "zone": "A", "floor": 1, "vehicle_types": [1, 2, 3, 4, 5, 6, 7, 8, 9, 10], "is_occupied": true, "reserved": true, "maintenance": false, "disabled": false, "ev_charger": false, "covered": true, "priority": 1, "created_at": "2026-03-26T00:00:00Z" } },
  { "model": "parking.parkingslot", "pk": 4, "fields": { "parking_lot": 1, "number": 4, "zone": "A", "floor": 1, "vehicle_types": [1, 2, 3, 4, 5, 6, 7, 8, 9, 10], "is_occupied": false, "reserved": false, "maintenance": false, "disabled": false, "ev_charger": false, "covered": true, "priority": 1, "created_at": "2026-03-26T00:00:00Z" } },
  { "model": "parking.parkingslot", "pk": 5, "fields": { "parking_lot": 1, "number": 5, "zone": "A", "floor": 1, "vehicle_types": [2, 3, 4, 5, 11, 12, 13, 14, 15, 16], "is_occupied": false, "reserved": false, "maintenance": false, "disabled": false, "ev_charger": true, "covered": true, "priority": 1, "created_at": "2026-03-26T00:00:00Z" } },

  { "model": "parking.parkingslot", "pk": 51, "fields": { "parking_lot": 2, "number": 1, "zone": "A", "floor": 1, "vehicle_types": [1, 2, 3, 4, 5, 6, 7, 8, 9, 10], "is_occupied": false, "reserved": false, "maintenance": false, "disabled": false, "ev_charger": false, "covered": true, "priority": 2, "created_at": "2026-03-26T00:00:00Z" } },
  { "model": "parking.parkingslot", "pk": 52, "fields": { "parking_lot": 2, "number": 2, "zone": "A", "floor": 1, "vehicle_types": [1, 2, 3, 4, 5, 6, 7, 8, 9, 10], "is_occupied": false, "reserved": false, "maintenance": false, "disabled": false, "ev_charger": false, "covered": true, "priority": 2, "created_at": "2026-03-26T00:00:00Z" } },
  { "model": "parking.parkingslot", "pk": 53, "fields": { "parking_lot": 2, "number": 3, "zone": "A", "floor": 1, "vehicle_types": [1, 2, 3, 4, 5, 6, 7, 8, 9, 10], "is_occupied": false, "reserved": false, "maintenance": false, "disabled": false, "ev_charger": false, "covered": true, "priority": 2, "created_at": "2026-03-26T00:00:00Z" } },
  { "model": "parking.parkingslot", "pk": 54, "fields": { "parking_lot": 2, "number": 4, "zone": "A", "floor": 1, "vehicle_types": [1, 2, 3, 4, 5, 6, 7, 8, 9, 10], "is_occupied": false, "reserved": false, "maintenance": false, "disabled": false, "ev_charger": false, "covered": true, "priority": 2, "created_at": "2026-03-26T00:00:00Z" } },
  { "model": "parking.parkingslot", "pk": 55, "fields": { "parking_lot": 2, "number": 5, "zone": "A", "floor": 1, "vehicle_types": [2, 3, 4, 5, 11, 12, 13, 14, 15, 16], "is_occupied": false, "reserved": false, "maintenance": false, "disabled": false, "ev_charger": true, "covered": true, "priority": 2, "created_at": "2026-03-26T00:00:00Z" } },

  { "model": "parking.parkingslot", "pk": 101, "fields": { "parking_lot": 3, "number": 1, "zone": "A", "floor": 1, "vehicle_types": [1, 2, 3, 4, 5, 6, 7, 8, 9, 10], "is_occupied": false, "reserved": false, "maintenance": false, "disabled": false, "ev_charger": false, "covered": false, "priority": 2, "created_at": "2026-03-26T00:00:00Z" } },
  { "model": "parking.parkingslot", "pk": 102, "fields": { "parking_lot": 3, "number": 2, "zone": "A", "floor": 1, "vehicle_types": [1, 2, 3, 4, 5, 6, 7, 8, 9, 10], "is_occupied": false, "reserved": false, "maintenance": false, "disabled": false, "ev_charger": false, "covered": false, "priority": 2, "created_at": "2026-03-26T00:00:00Z" } },
  { "model": "parking.parkingslot", "pk": 103, "fields": { "parking_lot": 3, "number": 3, "zone": "A", "floor": 1, "vehicle_types": [1, 2, 3, 4, 5, 6, 7, 8, 9, 10], "is_occupied": false, "reserved": false, "maintenance": false, "disabled": false, "ev_charger": false, "covered": false, "priority": 2, "created_at": "2026-03-26T00:00:00Z" } },
  { "model": "parking.parkingslot", "pk": 104, "fields": { "parking_lot": 3, "number": 4, "zone": "A", "floor": 1, "vehicle_types": [1, 2, 3, 4, 5, 6, 7, 8, 9, 10], "is_occupied": false, "reserved": false, "maintenance": false, "disabled": false, "ev_charger": false, "covered": false, "priority": 2, "created_at": "2026-03-26T00:00:00Z" } },
  { "model": "parking.parkingslot", "pk": 105, "fields": { "parking_lot": 3, "number": 5, "zone": "A", "floor": 1, "vehicle_types": [2, 3, 4, 5, 11, 12, 13, 14, 15, 16], "is_occupied": false, "reserved": false, "maintenance": false, "disabled": false, "ev_charger": false, "covered": false, "priority": 2, "created_at": "2026-03-26T00:00:00Z" } },

  { "model": "parking.vehicle", "pk": 1, "fields": { "number_plate": "KA01AB1234", "vehicle_type": 1, "created_at": "2026-03-26T00:00:00Z" } },
  { "model": "parking.vehicle", "pk": 2, "fields": { "number_plate": "MH12XY9001", "vehicle_type": 3, "created_at": "2026-03-26T00:00:00Z" } },
  { "model": "parking.vehicle", "pk": 3, "fields": { "number_plate": "DL08CD7788", "vehicle_type": 6, "created_at": "2026-03-26T00:00:00Z" } },
  { "model": "parking.vehicle", "pk": 4, "fields": { "number_plate": "TN10EF5544", "vehicle_type": 13, "created_at": "2026-03-26T00:00:00Z" } },

  {
    "model": "parking.booking",
    "pk": 1,
    "fields": {
      "booking_id": "BK-DEMO-1",
      "vehicle_number": "KA01AB1234",
      "vehicle_type": 1,
      "parking_lot": 1,
      "slot": 1,
      "status": "reserved",
      "payment_status": "pending",
      "start_time": "2026-03-26T08:00:00Z",
      "end_time": null,
      "duration_minutes": 60,
      "reservation_expires_at": null,
      "created_at": "2026-03-26T08:00:00Z",
      "updated_at": "2026-03-26T08:00:00Z"
    }
  },
  {
    "model": "parking.booking",
    "pk": 2,
    "fields": {
      "booking_id": "BK-DEMO-2",
      "vehicle_number": "MH12XY9001",
      "vehicle_type": 3,
      "parking_lot": 1,
      "slot": 3,
      "status": "reserved",
      "payment_status": "pending",
      "start_time": "2026-03-26T08:30:00Z",
      "end_time": null,
      "duration_minutes": 60,
      "reservation_expires_at": null,
      "created_at": "2026-03-26T08:30:00Z",
      "updated_at": "2026-03-26T08:30:00Z"
    }
  },
  {
    "model": "parking.booking",
    "pk": 3,
    "fields": {
      "booking_id": "BK-DEMO-3",
      "vehicle_number": "DL08CD7788",
      "vehicle_type": 6,
      "parking_lot": 2,
      "slot": 52,
      "status": "checked_out",
      "payment_status": "paid",
      "start_time": "2026-03-26T07:00:00Z",
      "end_time": "2026-03-26T09:00:00Z",
      "duration_minutes": 120,
      "reservation_expires_at": null,
      "created_at": "2026-03-26T07:00:00Z",
      "updated_at": "2026-03-26T09:00:00Z"
    }
  }
]
